Event,Date,Summary,Cost
Hurricane Katrina,25AUG2005,"Category 3 hurricane initially impacts the U.S. as a Category 1 near Miami, FL, then as a strong Category 3 along the eastern LA-western MS coastlines, resulting in severe storm surge damage (maximum surge probably exceeded 30 feet) along the LA-MS-AL coasts, wind damage, and the failure of parts of the levee system in New Orleans. Inland effects included high winds and some flooding in the states of AL, MS, FL, TN, KY, IN, OH, and GA.",161300000000
Hurricane Harvey,25AUG2017,"Category 4 hurricane made landfall near Rockport, Texas causing widespread damage. Harvey's devastation was most pronounced due to the large region of extreme rainfall producing historic flooding across Houston and surrounding areas. More than 30 inches of rainfall fell on 6.9 million people, while 1.25 million experienced over 45 inches and 11,000 had over 50 inches, based on 7-day rainfall totals ending August 31. This historic U.S. rainfall caused massive flooding that displaced over 30,000 people and damaged or destroyed over 200,000 homes and businesses.",125000000000
Hurricane Maria,19SEP2017,"Category 4 hurricane made landfall in southeast Puerto Rico after striking the U.S. Virgin Island of St. Croix. Maria's high winds caused widespread devastation to Puerto Rico's transportation, agriculture, communication and energy infrastructure. Extreme rainfall up to 37 inches caused widespread flooding and mudslides across the island. The interruption to commerce and standard living conditions will be sustained for a long period, as much of Puerto Rico's infrastructure is rebuilt. Maria tied Hurricane Wilma (2005) for the most rapid intensification, strengthening from tropical depression to a category 5 storm in 54 hours. Maria's landfall at Category 4 strength gives the U.S. a record three Category 4+ landfalls this year (Maria, Harvey, and Irma).",90000000000
Hurricane Sandy,30OCT2012,"Extensive damage across several northeastern states (MD, DE, NJ, NY, CT, MA, RI) due to high wind and coastal storm surge, particularly NY and NJ. Damage from wind, rain and heavy snow also extended more broadly to other states (NC, VA, WV, OH, PA, NH), as Sandy merged with a developing Nor'easter. Sandy's impact on major population centers caused widespread interruption to critical water / electrical services and also caused 159 deaths (72 direct, 87 indirect). Sandy also caused the New York Stock Exchange to close for two consecutive business days, which last happened in 1888 due to a major winter storm.",70900000000
Hurricane Irma,06SEP2017,"Category 4 hurricane made landfall at Cudjoe Key, Florida after devastating the U.S. Virgin Islands - St John and St Thomas - as a category 5 storm. The Florida Keys were heavily impacted, as 25% of buildings were destroyed while 65% were significantly damaged. Severe wind and storm surge damage also occurred along the coasts of Florida and South Carolina. Jacksonville, FL and Charleston, SC received near-historic levels of storm surge causing significant coastal flooding. Irma maintained a maximum sustained wind of 185 mph for 37 hours, the longest in the satellite era. Irma also was a category 5 storm for longer than all other Atlantic hurricanes except Ivan in 2004.",50000000000
Hurricane Andrew,23AUG1992,"Category 5 hurricane hits Florida and later impacts Louisiana as a category 3. High winds damage or destroy over 125,000 homes and leave at least 160,000 people homeless in Dade County, Florida alone. Initially rated as a category 4, Andrew was later upgraded to a category 5 upon further analysis. Andrew joins Hurricane Camille (1969) and the Labor Day Hurricane (1935), as the only land falling category 5 hurricanes on record to affect the U.S. mainland. Adjusted to present-day dollars, Andrew is the 3rd most costly hurricane to impact the U.S. since 1980, after Katrina (2005) and Sandy (2012).",48300000000
Hurricane Ike,12SEP2008,"Category 2 hurricane makes landfall in Texas, as the largest (in size) Atlantic hurricane on record, causing considerable storm surge in coastal TX and significant wind and flooding damage in TX, LA, AR, TN, IL, IN, KY, MO, OH, MI and PA. Severe gasolineshortages occurred in the southeast U.S. due to damaged oil platforms, storage tanks, pipelines and off-line refineries.",35100000000
Hurricane Ivan,12SEP2004,"Category 3 hurricane makes landfall on Gulf coast of Alabama, with significant wind, storm surge, and flooding damage in coastal AL and FL panhandle, along with wind/flood damage in the states of GA, MS, LA, SC, NC, VA, WV, MD, TN, KY, OH, DE, NJ, PA, and NY.",27300000000
Hurricane Wilma,24OCT2005,"Category 3 hurricane hits SW Florida resulting in strong damaging winds and major flooding across southeastern Florida. Prior to landfall, Wilma as a Category 5 recorded the lowest pressure (882 mb) ever recorded in the Atlantic basin.",24500000000
Hurricane Rita,20SEP2005,"Category 3 hurricane hits Texas-Louisiana border coastal region, creating significant storm surge and wind damage along the coast, and some inland flooding in the FL panhandle, AL, MS, LA, AR, and TX. Prior to landfall, Rita reached the third lowest pressure (897 mb) ever recorded in the Atlantic basin.",23900000000
Hurricane Charley,13AUG2004,"Category 4 hurricane makes landfall in southwest Florida, resulting in major wind and some storm surge damage in FL, along with some damage in the states of SC and NC.",21300000000
Hurricane Hugo,21SEP1989,Category 4 hurricane devastates South and North Carolina with ~20 foot storm surge and severe wind damage after hitting Puerto Rico and the U.S. Virgin Islands,18400000000
Hurricane Irene,26AUG2011,"Category 1 hurricane made landfall over coastal NC and moved northward along the Mid-Atlantic Coast (NC, VA, MD, NJ, NY, CT, RI, MA, VT) causing torrential rainfall and flooding across the Northeast. Wind damage in coastal NC, VA, and MD was moderate with considerable damage resulting from falling trees and power lines, while flooding caused extensive flood damage across NJ, NY, and VT. Over seven million homes and businesses lost power during the storm. Numerous tornadoes were also reported in several states further adding to the damage.",15100000000
Hurricane Frances,03SEP2004,"Category 2 hurricane makes landfall in east-central Florida, causing significant wind, storm surge, and flooding damage in FL, along with considerable flood damage in the states of GA, SC, NC, and NY due to 5-15 inch rains.",13000000000
Tropical Storm Allison,05JUN2001,"The persistent remnants of Tropical Storm Allison produce rainfall amounts of 30-40 inches in portions of coastal Texas and Louisiana, causing severe flooding especially in the Houston area, then moves slowly northeastward; fatalities and significant damage reported in TX, LA, MS, FL, VA, and PA",12000000000
Hurricane Matthew,08OCT2016,"Hurricane Matthew paralleled the Southeast coast from Florida to North Carolina causing widespread damage from wind, storm surge and inland flooding. The most costly impacts were due to historic levels of river flooding in eastern North Carolina where 100,000 homes, businesses and other structures were damaged. This inland flooding was comparable to Hurricane Floyd (1999) that also impacted eastern North Carolina. Matthew narrowly missed landall on Florida's east coast as a powerful category 4 storm.",10400000000
Hurricane Jeanne,15SEP2004,"Category 3 hurricane makes landfall in east-central Florida, causing considerable wind, storm surge, and flooding damage in FL, with some flood damage also in the states of GA, SC, NC, VA, MD, DE, NJ, PA, and NY. Puerto Rico also affected.",10000000000
Hurricane Floyd,14SEP1999,"Large, category 2 hurricane makes landfall in eastern NC, causing 10-20 inch rains in 2 days, with severe flooding in NC and some flooding in SC, VA, MD, PA, NY, NJ, DE, RI, CT, MA, NH, and VT.",9700000000
Hurricane Georges,20SEP1998,"Category 2 hurricane strikes Puerto Rico, Virgin Islands, Florida Keys, and Gulf coasts of Louisiana, Mississippi, Alabama, and Florida panhandle, 15-30 inch 2-day rain totals in parts of Alabama and Florida",9200000000
Hurricane Fran,05SEP1996,"Category 3 hurricane strikes North Carolina and Virginia, over 10-inch 24-hour rains in some locations and extensive agricultural and other losses.",8000000000
Hurricane Opal,04OCT1995,"Category 3 hurricane strikes Florida panhandle, Alabama, western Georgia, eastern Tennessee, and the western Carolinas, causing storm surge, wind, and flooding damage.",7700000000
Hurricane Alicia,17AUG1983,"Category 3 hurricane makes landfall near Galveston, Texas with maximum sustained winds 115 mph. Hurricane Alicia was the first hurricane to hit the United States mainland since Hurricane Allen in August 1980.",7600000000
Hurricane Isabel,18SEP2003,"Category 2 hurricane makes landfall in eastern North Carolina, causing considerable storm surge damage along the coasts of NC, VA, and MD, with wind damage and some flooding due to 4-12 inch rains in NC, VA, MD, DE, WV, NJ, NY, and PA.",7500000000
Hurricane Gustav,31AUG2008,"Category 2 hurricane makes landfall in Louisiana causing significant wind, storm surge, and flooding damage in AL, AR, LA, and MS.",7000000000
Hurricane Iniki,11SEP1992,Category 4 hurricane causes severe damage to the Hawaiian island of Kauai. Hurricane Iniki is the costliest and deadliest hurricane to affect Hawaii since 1900.,5500000000
Hurricane Juan,27OCT1985,"Category 1 hurricane makes landfall near Morgan City, Louisiana. Hurricane Juan's slow movement causes severe flooding in Louisiana, Mississippi, Alabama and Florida. Southern Louisiana was most severely affected due to widespread rainfall of 10-15 inches that caused substantial flooding.",3500000000
Hurricane Marilyn,15SEP1995,Category 2 hurricane impacts the U.S. Virgin Islands and Puerto Rico with maximum sustained winds of 110 mph.,3400000000
Hurricane Dennis,09JUL2005,"Category 3 hurricane makes landfall in western Florida panhandle resulting in storm surge and wind damage along the FL and AL coasts, along with scattered wind and flood damage in GA and MS.",3200000000
Hurricane Isaac,26AUG2012,"Category 1 hurricane made landfall over Louisiana. Isaac's slow motion and large size led to a large storm surge and flooding rains. This created damage across several southeastern states (LA, MS, AL, FL) including 9 deaths (5 direct, 4 indirect).",3000000000
Hurricane Elena,30AUG1985,"Category 3 hurricane approaches the Florida Panhandle prior to landfall near Biloxi, Mississippi. Considerable wind and rain impacts were felt from Florida to Louisiana.",3000000000
Tropical Storm Lee,01SEP2011,"Wind and flood damage across the southeast (LA, MS, AL, GA, TN) but considerably more damage from record flooding across the northeast (PA, NY, NJ, CT, VA, MD). Pennsylvania and New York were most affected.",2800000000
Hurricane Bob,18AUG1991,Category 2 hurricane brushes the Outer Banks of North Carolina before making landfall in Rhode Island. Its impacts were felt from North Carolina to Long Island and into New England.,2800000000
Hurricane Gloria,26SEP1985,"Category 2 hurricane makes several landfalls along the eastern seaboard, affecting states from North Carolina to Maine.",2000000000
Hurricane Allen,07AUG1980,"Category 3 hurricane makes landfall north of Brownsville, Texas with maximum sustained winds of 115 mph. Hurricane Allen causes rainfall up to 20 inches in southern Texas and storm surge as high as 12 feet along the coast.",1900000000
Tropical Storm Alberto,07JUL1994,"Remnants of slow-moving Alberto bring torrential 10-25 inch rains in 3 days, widespread flooding and agricultural damage in parts of Georgia, Alabama, and panhandle of Florida.",1700000000
Hurricane Dolly,23JUL2008,Category 2 hurricane makes landfall in southern Texas causing considerable wind and flooding damage in TX and NM.,1500000000
Hurricane Lili,01AUG2002,"Category 1 hurricane makes landfall in Louisiana after causing damage across Saint Lucia, Jamaica, Haiti and Cuba.",1500000000
Hurricane Bonnie,27AUG1998,"Category 3 hurricane strikes eastern North Carolina and Virginia, extensive agricultural damage due to winds and flooding, with 10-inch rains in 2 days in some locations.",1500000000
